gi_tag_id,region_id,state,name,description,region_name,issue_date,issuing_body,created_at,updated_at
5bce2a0a-aef1-4e58-9506-87b080dc14d3,075eee17-9d93-483b-8279-eeaf311fcd14,Andhra Pradesh,Srikalahasthi Kalamkari,GI tagged product: Srikalahasthi Kalamkari,Unknown Region,,"Geographical Indications Registry, India",2025-05-23T04:15:24.008451,2025-05-23T04:15:24.008462
30a14f47-26d7-49f2-8582-53e64af914e1,bb0bcf23-e449-49f3-a42f-5f999cc65437,Andhra Pradesh,Kondapalli Bommallu,GI tagged product: Kondapalli Bommallu,Unknown Region,,"Geographical Indications Registry, India",2025-05-23T04:15:24.008545,2025-05-23T04:15:24.008548
e6867177-9ef7-4aa3-ae3d-78d61cbf9940,f475e858-f007-4b99-bd45-85f100c3c070,Andhra Pradesh,Machilipatnam Kalamkari,GI tagged product: Machilipatnam Kalamkari,Unknown Region,,"Geographical Indications Registry, India",2025-05-23T04:15:24.008615,2025-05-23T04:15:24.008618
dac9cce3-5828-4e77-80e0-f7fee6dc3151,979574d3-9d90-4458-b64a-dba99471f6ae,Andhra Pradesh,Budithi Bell & Brass Metal Craft,GI tagged product: Budithi Bell & Brass Metal Craft,Unknown Region,,"Geographical Indications Registry, India",2025-05-23T04:15:24.008679,2025-05-23T04:15:24.008681
3abe7a39-e11a-48c5-bd3f-25752ff782a8,74707e87-7dbd-49d0-a070-0cd4d8f2b441,Andhra Pradesh,Andhra Pradesh Leather Puppetry,GI tagged product: Andhra Pradesh Leather Puppetry,Unknown Region,,"Geographical Indications Registry, India",2025-05-23T04:15:24.008765,2025-05-23T04:15:24.008769
38525465-4f30-4ff7-94d7-8c755944c467,7ed1e853-7431-4b32-b2a5-beaccc4b7966,Andhra Pradesh,Uppada Jamdani Sarees,GI tagged product: Uppada Jamdani Sarees,Unknown Region,,"Geographical Indications Registry, India",2025-05-23T04:15:24.008832,2025-05-23T04:15:24.008834
21108142-2483-426a-8b94-10d00d175065,aae42456-1da3-46fe-b369-87883d439709,Andhra Pradesh,Tirupathi Laddu,GI tagged product: Tirupathi Laddu,Unknown Region,,"Geographical Indications Registry, India",2025-05-23T04:15:24.008892,2025-05-23T04:15:24.008895
dbd27c24-5781-456d-8af1-d93501d81738,da08c9e9-e0e6-41ff-ae4d-d9730967373d,Andhra Pradesh,Guntur Sannam Chilli,GI tagged product: Guntur Sannam Chilli,Unknown Region,,"Geographical Indications Registry, India",2025-05-23T04:15:24.008952,2025-05-23T04:15:24.008955
8374ebaf-1250-4de9-a9b4-ddc128df604e,cb4223a3-f469-405b-a0d1-baa876b0aca6,Andhra Pradesh,Venkatagiri Sarees,GI tagged product: Venkatagiri Sarees,Unknown Region,,"Geographical Indications Registry, India",2025-05-23T04:15:24.009012,2025-05-23T04:15:24.009015
11d4f1a6-5f26-46de-a3aa-8843bf094723,828cdee5-a9f2-410b-be44-3854540072f0,Andhra Pradesh,Bobbili Veena,GI tagged product: Bobbili Veena,Unknown Region,,"Geographical Indications Registry, India",2025-05-23T04:15:24.009071,2025-05-23T04:15:24.009074
93ef3f0a-e88a-461c-b9e9-a82f04fc6ce0,6440189c-8a96-4cfc-ad8e-56284166f97e,Andhra Pradesh,Mangalagiri Sarees and Fabrics,GI tagged product: Mangalagiri Sarees and Fabrics,Unknown Region,,"Geographical Indications Registry, India",2025-05-23T04:15:24.009130,2025-05-23T04:15:24.009132
6730723d-dc97-4524-9822-72d206831be7,60190ef3-db7a-4120-a04f-1e00dfb4551b,Andhra Pradesh,Dharmavaram Handloom Pattu Sarees and Paavadas,GI tagged product: Dharmavaram Handloom Pattu Sarees and Paavadas,Unknown Region,,"Geographical Indications Registry, India",2025-05-23T04:15:24.009189,2025-05-23T04:15:24.009192
19d73ef0-b4b8-4585-b18c-b6a3f9f6492d,be12a760-b455-4d6a-a863-5f12648eca5c,Andhra Pradesh,Bandar Laddu,GI tagged product: Bandar Laddu,Unknown Region,,"Geographical Indications Registry, India",2025-05-23T04:15:24.009249,2025-05-23T04:15:24.009251
1df344f6-cf22-4fa9-81b7-f9b687f030ca,6ad8ea07-a581-45ef-a0b1-d1bc5c94abcd,Andhra Pradesh,Udayagiri Wooden Cutlery,GI tagged product: Udayagiri Wooden Cutlery,Unknown Region,,"Geographical Indications Registry, India",2025-05-23T04:15:24.009308,2025-05-23T04:15:24.009311
a80cb186-9403-40d7-a96a-d77d3ec9fe51,a7be9600-7c4f-45af-9d14-fe2f5f3f7932,Andhra Pradesh,Banaganapalle Mangoes,GI tagged product: Banaganapalle Mangoes,Unknown Region,,"Geographical Indications Registry, India",2025-05-23T04:15:24.009366,2025-05-23T04:15:24.009369
82c827b1-63f5-4574-813f-23f2096e28a2,8c87a7f3-5522-44c9-955f-001a834d484d,Andhra Pradesh,Durgi Stone Carvings,GI tagged product: Durgi Stone Carvings,Unknown Region,,"Geographical Indications Registry, India",2025-05-23T04:15:24.009425,2025-05-23T04:15:24.009428
daaa012a-2854-4ff7-998e-4a4ffb8d909e,eafc3ea2-47c5-4e2a-a2f4-fedc9941e471,Andhra Pradesh,Etikoppaka Toys,GI tagged product: Etikoppaka Toys,Unknown Region,,"Geographical Indications Registry, India",2025-05-23T04:15:24.009483,2025-05-23T04:15:24.009486
a607969e-8e21-4342-b741-05e432095715,acf0ac42-7b32-4eca-b99b-7b83b96c4673,Andhra Pradesh,Allagadda Stone Carving,GI tagged product: Allagadda Stone Carving,Unknown Region,,"Geographical Indications Registry, India",2025-05-23T04:15:24.009542,2025-05-23T04:15:24.009544
4cc0ee42-1009-4fbb-ae37-3f42e091dcaa,d5141b2c-5c2f-4ab8-afc9-13f8957ab3e3,Andhra Pradesh,Araku Valley Arabica Coffee,GI tagged product: Araku Valley Arabica Coffee,Unknown Region,,"Geographical Indications Registry, India",2025-05-23T04:15:24.009600,2025-05-23T04:15:24.009602
bda5c98c-55e9-4ef7-bbfc-4b599e6ed9bb,3a217f6a-db9b-4506-b478-1126b72258de,Andhra Pradesh,Atreyapuram Pootharekulu,GI tagged product: Atreyapuram Pootharekulu,Unknown Region,,"Geographical Indications Registry, India",2025-05-23T04:15:24.009658,2025-05-23T04:15:24.009661
c9a4b98b-7491-4147-ab28-7960ba959f05,85030487-bdbb-4939-8e68-d70f9b937abb,Andhra Pradesh,Narasapur Crochet Lace Products,GI tagged product: Narasapur Crochet Lace Products,Unknown Region,,"Geographical Indications Registry, India",2025-05-23T04:15:24.009716,2025-05-23T04:15:24.009719
16e7b1cb-c273-4199-8df9-9d94b6745a2a,204660c0-507a-4385-80d5-fcc86578d95d,Karnataka,Mysore Silk,GI tagged product: Mysore Silk,Unknown Region,,"Geographical Indications Registry, India",2025-05-23T04:15:24.009790,2025-05-23T04:15:24.009793
3605bc48-a1c8-4b6c-8ed0-a5924150b4d8,908e3f91-ddea-495b-84d2-266e27a8eb6d,Karnataka,Mysore Agarbathi,GI tagged product: Mysore Agarbathi,Unknown Region,,"Geographical Indications Registry, India",2025-05-23T04:15:24.009851,2025-05-23T04:15:24.009854
baa51e06-264e-4a59-844b-341c0fa5f32a,3d41c21f-4318-4838-b1d3-4c01b5782e78,Karnataka,Bidriware,GI tagged product: Bidriware,Unknown Region,,"Geographical Indications Registry, India",2025-05-23T04:15:24.009910,2025-05-23T04:15:24.009913
11601a25-8db1-47f6-b678-9b7e07a7cfeb,3d6d8000-1ca3-4852-94e2-fb9fdc52be16,Karnataka,Channapatna Toys & Dolls,GI tagged product: Channapatna Toys & Dolls,Unknown Region,,"Geographical Indications Registry, India",2025-05-23T04:15:24.009968,2025-05-23T04:15:24.009970
ffbc4e65-f209-416b-8668-110151deaedf,b00e00d6-e5a8-40a1-8d9f-989fad094111,Karnataka,Mysore Rosewood Inlay,GI tagged product: Mysore Rosewood Inlay,Unknown Region,,"Geographical Indications Registry, India",2025-05-23T04:15:24.010027,2025-05-23T04:15:24.010029
e37adb8a-2854-41b0-bba7-de80ced48f64,c1969508-75c2-48f9-84ca-7a07853c24e6,Karnataka,Mysore Sandalwood Oil,GI tagged product: Mysore Sandalwood Oil,Unknown Region,,"Geographical Indications Registry, India",2025-05-23T04:15:24.010085,2025-05-23T04:15:24.010088
d3ae8e1b-50b9-496c-8b7d-e77a6e743201,6bb6dbf3-9390-4240-9b1b-4dcc23901027,Karnataka,Mysore Sandal Soap,GI tagged product: Mysore Sandal Soap,Unknown Region,,"Geographical Indications Registry, India",2025-05-23T04:15:24.010143,2025-05-23T04:15:24.010146
cd762c50-8837-42b2-a84d-255eb09a7ba0,9d2d3dac-e3c2-46ff-a549-254979fcb7ec,Karnataka,Kasuti Embroidery,GI tagged product: Kasuti Embroidery,Unknown Region,,"Geographical Indications Registry, India",2025-05-23T04:15:24.010201,2025-05-23T04:15:24.010204
ecf424ae-7181-4d17-b362-fe201d23f75b,2d1c0189-6e78-4316-88c3-8077a1f0682a,Karnataka,Mysore Traditional Paintings,GI tagged product: Mysore Traditional Paintings,Unknown Region,,"Geographical Indications Registry, India",2025-05-23T04:15:24.010259,2025-05-23T04:15:24.010262
688d10f9-4b96-4984-ba71-dd024c2d4027,9309e12d-bafd-4e49-8f6a-88492afd409c,Karnataka,Coorg Orange,GI tagged product: Coorg Orange,Unknown Region,,"Geographical Indications Registry, India",2025-05-23T04:15:24.010317,2025-05-23T04:15:24.010320
0b16c16a-932a-4feb-9d3f-3af6ec9f129b,7e73d02a-dbe9-4226-b4b7-047262bbf564,Karnataka,Mysore Betel Leaf,GI tagged product: Mysore Betel Leaf,Unknown Region,,"Geographical Indications Registry, India",2025-05-23T04:15:24.010376,2025-05-23T04:15:24.010379
52af675f-1a15-46ac-817e-e2b9123ed398,823f60bc-7f22-4ea8-8089-3778a161a5d0,Karnataka,Nanjanagud Banana,GI tagged product: Nanjanagud Banana,Unknown Region,,"Geographical Indications Registry, India",2025-05-23T04:15:24.010438,2025-05-23T04:15:24.010441
496a48bb-c338-4ca0-981d-af07be84e672,10cd14e4-e3a4-42ac-ae64-83cf141da60b,Karnataka,Mysore Malligae,GI tagged product: Mysore Malligae,Unknown Region,,"Geographical Indications Registry, India",2025-05-23T04:15:24.010498,2025-05-23T04:15:24.010500
31b90136-5a29-4968-8905-082fca16fb21,77bfcf4f-68ec-4748-aec0-d37d6cdf9835,Karnataka,Udupi Malligae,GI tagged product: Udupi Malligae,Unknown Region,,"Geographical Indications Registry, India",2025-05-23T04:15:24.010556,2025-05-23T04:15:24.010559
3f45b683-0909-4b45-b388-b8c0869492d0,c10b216a-a351-4865-b4c3-3760cfed4665,Karnataka,Hadagali Malligae,GI tagged product: Hadagali Malligae,Unknown Region,,"Geographical Indications Registry, India",2025-05-23T04:15:24.010614,2025-05-23T04:15:24.010617
d737baf0-e744-454b-9dce-f79043f08829,44d5e43a-ad31-41e6-9368-cb3bfb817255,Karnataka,Ilkal Sarees,GI tagged product: Ilkal Sarees,Unknown Region,,"Geographical Indications Registry, India",2025-05-23T04:15:24.010672,2025-05-23T04:15:24.010674
a384437a-00cc-418d-b76f-261e1b79d5e7,6ca07b84-2770-48b4-b156-a16111675385,Karnataka,Malabar Pepper,GI tagged product: Malabar Pepper,Unknown Region,,"Geographical Indications Registry, India",2025-05-23T04:15:24.010739,2025-05-23T04:15:24.010742
b6e167d2-7f80-45a9-a3a2-00445b34703e,fecc6e48-5139-4b57-82f8-13a885a905d5,Karnataka,Ganjifa Cards of Mysore,GI tagged product: Ganjifa Cards of Mysore,Unknown Region,,"Geographical Indications Registry, India",2025-05-23T04:15:24.010804,2025-05-23T04:15:24.010807
bd42c80c-0160-4bcb-b91c-67c515b5f90c,c0c4d0bc-ba89-46b6-9001-622d9fd5d45a,Karnataka,Navalgund Durries,GI tagged product: Navalgund Durries,Unknown Region,,"Geographical Indications Registry, India",2025-05-23T04:15:24.010882,2025-05-23T04:15:24.010885
87f74e2a-b87b-439c-8227-8693094978f3,36f56ddc-8951-4566-927b-cb450827b464,Karnataka,Karnataka Bronzeware,GI tagged product: Karnataka Bronzeware,Unknown Region,,"Geographical Indications Registry, India",2025-05-23T04:15:24.010945,2025-05-23T04:15:24.010948
f4709d8a-31b2-458c-b75e-cca5185f7243,a602b042-802c-4b80-8d6c-6da4a522fcc4,Karnataka,Molakalmuru Sarees,GI tagged product: Molakalmuru Sarees,Unknown Region,,"Geographical Indications Registry, India",2025-05-23T04:15:24.011005,2025-05-23T04:15:24.011008
f21dd62e-bc3b-4b17-9664-cde359cfbf95,351c1cc8-3b39-4965-8a4f-5d7a88d6044e,Karnataka,Monsooned Malabar Arabica Coffee,GI tagged product: Monsooned Malabar Arabica Coffee,Unknown Region,,"Geographical Indications Registry, India",2025-05-23T04:15:24.011065,2025-05-23T04:15:24.011067
072cac1e-fa20-471d-a5e4-aa1066e47ab1,cbd31156-ef87-4f9c-8b5d-000b06e720ca,Karnataka,Monsooned Malabar Robusta Coffee,GI tagged product: Monsooned Malabar Robusta Coffee,Unknown Region,,"Geographical Indications Registry, India",2025-05-23T04:15:24.011124,2025-05-23T04:15:24.011126
56eeff95-f4df-4025-bf90-88e333c9dc56,623568a4-4ce6-4627-b4f2-84fbb58cd5df,Karnataka,Coorg Green Cardamom,GI tagged product: Coorg Green Cardamom,Unknown Region,,"Geographical Indications Registry, India",2025-05-23T04:15:24.011182,2025-05-23T04:15:24.011185
f8a8ad34-f389-4fba-9be7-52ee76e292d9,001ec200-8e2f-4daf-9294-167e9576bf99,Karnataka,Dharwad Pedha,GI tagged product: Dharwad Pedha,Unknown Region,,"Geographical Indications Registry, India",2025-05-23T04:15:24.011241,2025-05-23T04:15:24.011243
1b4a0e61-70ef-4f8a-aec6-02b96c8d4713,088210e0-7183-4373-83df-07bc62f3c3c6,Karnataka,Devanahalli Pomello,GI tagged product: Devanahalli Pomello,Unknown Region,,"Geographical Indications Registry, India",2025-05-23T04:15:24.011298,2025-05-23T04:15:24.011301
8b5239ab-4019-40fe-9059-c1aa14a13062,412466b6-9b46-4375-a813-cfa590d09bc3,Karnataka,Appemidi Mango,GI tagged product: Appemidi Mango,Unknown Region,,"Geographical Indications Registry, India",2025-05-23T04:15:24.011356,2025-05-23T04:15:24.011359
546756e6-461f-451c-bf31-81f420fe6d59,ff5d7b20-fc17-43c6-845b-d44fd13b061f,Karnataka,Kamalapur Red Banana,GI tagged product: Kamalapur Red Banana,Unknown Region,,"Geographical Indications Registry, India",2025-05-23T04:15:24.011414,2025-05-23T04:15:24.011416
9bbb6a98-c204-400f-b1fc-be0301d70900,248c3fc2-3195-4162-8315-324620dd44d7,Karnataka,Sandur Lambani Embroidery,GI tagged product: Sandur Lambani Embroidery,Unknown Region,,"Geographical Indications Registry, India",2025-05-23T04:15:24.011472,2025-05-23T04:15:24.011474
51bf4c51-9b06-450a-be98-96d0525f9bc7,c2501d2a-b743-43f2-8e40-a949f9406cfc,Karnataka,Byadagi Chilli,GI tagged product: Byadagi Chilli,Unknown Region,,"Geographical Indications Registry, India",2025-05-23T04:15:24.011529,2025-05-23T04:15:24.011532
cfc724af-ff61-4e08-9d1e-367d61fde376,11a0c64f-44ba-40ee-93c4-9b73a4e6810e,Karnataka,Udupi Mattu Gulla Brinjal,GI tagged product: Udupi Mattu Gulla Brinjal,Unknown Region,,"Geographical Indications Registry, India",2025-05-23T04:15:24.011588,2025-05-23T04:15:24.011590
d321e073-f86c-489f-b8b7-50b452f64393,2b887c69-e648-4594-aa76-2f9e90412f7e,Karnataka,Kinhal Toys,GI tagged product: Kinhal Toys,Unknown Region,,"Geographical Indications Registry, India",2025-05-23T04:15:24.011646,2025-05-23T04:15:24.011649
1f45bdde-c1b0-4846-9904-6e2e20404651,016f5754-6034-4f33-8955-c2c2055ead7a,Karnataka,Bangalore Blue Grapes,GI tagged product: Bangalore Blue Grapes,Unknown Region,,"Geographical Indications Registry, India",2025-05-23T04:15:24.011706,2025-05-23T04:15:24.011708
56183981-5126-411d-a292-b1899d272f07,e3b846ac-75f8-47e6-9ce5-96adf2dd2e53,Karnataka,Bangalore Rose Onion,GI tagged product: Bangalore Rose Onion,Unknown Region,,"Geographical Indications Registry, India",2025-05-23T04:15:24.011777,2025-05-23T04:15:24.011780
1bc50171-2cc8-4742-adc5-94a7d1072e50,1f39752f-5e77-4acf-8a9c-5c1cdb6f848b,Karnataka,Guledgudd Khana,GI tagged product: Guledgudd Khana,Unknown Region,,"Geographical Indications Registry, India",2025-05-23T04:15:24.011838,2025-05-23T04:15:24.011841
7fa11270-6101-4867-80cc-945f560f0b2f,ed609d27-2956-42ca-8fa3-731be1840fc8,Karnataka,Udupi Sarees,GI tagged product: Udupi Sarees,Unknown Region,,"Geographical Indications Registry, India",2025-05-23T04:15:24.011897,2025-05-23T04:15:24.011900
c3e98d8f-9476-4497-a8f6-333a96d0e998,360988cd-9321-4651-8729-3ba9aa75d868,Karnataka,Kolhapuri Chappal,GI tagged product: Kolhapuri Chappal,Unknown Region,,"Geographical Indications Registry, India",2025-05-23T04:15:24.011956,2025-05-23T04:15:24.011959
2f426698-4565-4662-bcb7-9ceddc567e9b,945e5d41-c652-4e71-a3e0-3e3ff3b212ab,Karnataka,Coorg Arabica Coffee,GI tagged product: Coorg Arabica Coffee,Unknown Region,,"Geographical Indications Registry, India",2025-05-23T04:15:24.012015,2025-05-23T04:15:24.012017
7836652e-7717-4e83-a3eb-24a1809b024d,42598941-2247-4c76-80a3-39d7a71b532d,Karnataka,Chikmagalur Arabica Coffee,GI tagged product: Chikmagalur Arabica Coffee,Unknown Region,,"Geographical Indications Registry, India",2025-05-23T04:15:24.012074,2025-05-23T04:15:24.012077
4d5a535d-15e4-4d87-af23-be2312ceb032,33331ffc-ff10-4724-a9b4-6451e0260c9b,Karnataka,Bababudangiris Arabica Coffee,GI tagged product: Bababudangiris Arabica Coffee,Unknown Region,,"Geographical Indications Registry, India",2025-05-23T04:15:24.012133,2025-05-23T04:15:24.012136
a202da88-9d86-4dba-a2b8-250b4296437f,ae7ba520-d3e7-4388-bec1-d9ecbff3e730,Karnataka,Sirsi Supari,GI tagged product: Sirsi Supari,Unknown Region,,"Geographical Indications Registry, India",2025-05-23T04:15:24.012192,2025-05-23T04:15:24.012194
e947153e-0170-4ae2-885b-fab44ef62f2d,0f23c39f-7338-4977-8201-fb602c36dee1,Karnataka,Gulbarga Tur Dal,GI tagged product: Gulbarga Tur Dal,Unknown Region,,"Geographical Indications Registry, India",2025-05-23T04:15:24.012250,2025-05-23T04:15:24.012253
66c43fe9-3b64-4b9e-90a0-5b7fcda93543,3d6a953f-1dd7-4370-9c6f-6072b3119e9a,Karnataka,Indi Limbe,GI tagged product: Indi Limbe,Unknown Region,,"Geographical Indications Registry, India",2025-05-23T04:15:24.012309,2025-05-23T04:15:24.012311
06fdf61d-53bf-45c6-baca-b7ce245d1c6b,129da8c3-e8e8-4e80-92fe-3e5115b41e88,Karnataka,Kari Ishad Mango,GI tagged product: Kari Ishad Mango,Unknown Region,,"Geographical Indications Registry, India",2025-05-23T04:15:24.012368,2025-05-23T04:15:24.012370
65d5891a-b45c-499b-867b-842247c82331,b782dcf5-8c13-4805-ab0c-154c10873450,Meghalaya,Khasi Mandarin,GI tagged product: Khasi Mandarin,Unknown Region,,"Geographical Indications Registry, India",2025-05-23T04:15:24.012426,2025-05-23T04:15:24.012429
e4c66158-2df8-40c4-80da-488ed2cabb58,21afa455-7ffd-48f1-9067-d6458dbba4b2,Meghalaya,Memong Narang,GI tagged product: Memong Narang,Unknown Region,,"Geographical Indications Registry, India",2025-05-23T04:15:24.012484,2025-05-23T04:15:24.012487
3ca9740f-d470-47b2-8ca5-70634e2d8634,f5b8e651-00cc-4ce1-9e14-08f37fdf63f8,Meghalaya,Lakadong Turmeric,GI tagged product: Lakadong Turmeric,Unknown Region,,"Geographical Indications Registry, India",2025-05-23T04:15:24.012542,2025-05-23T04:15:24.012545
5e579ce7-099d-4b5c-aec0-09f4fb2a6af4,be4ee0d3-a98c-48bf-8964-b2afe5585bd2,Meghalaya,Meghalaya Garo Textile,GI tagged product: Meghalaya Garo Textile,Unknown Region,,"Geographical Indications Registry, India",2025-05-23T04:15:24.012600,2025-05-23T04:15:24.012603
7f2d9b67-56c1-46be-9496-689545cfa969,43029d8a-e4e3-4f70-996d-b34d63c57143,Meghalaya,Meghalaya Lyrnai Pottery,GI tagged product: Meghalaya Lyrnai Pottery,Unknown Region,,"Geographical Indications Registry, India",2025-05-23T04:15:24.012659,2025-05-23T04:15:24.012662
026ee7c6-e2c2-4dc0-b844-aec8da8b656d,4d94426c-6da2-4383-b5e1-8e9bd061fe07,Meghalaya,Meghalaya Chubitchi,GI tagged product: Meghalaya Chubitchi,Unknown Region,,"Geographical Indications Registry, India",2025-05-23T04:15:24.012718,2025-05-23T04:15:24.012721
574ebcd4-489f-4a2d-8fb7-9a9a9c2eee09,f529c95d-0989-4be3-95a8-f12c7ddeb413,Uttar Pradesh,Allahabad Surkha Guava,GI tagged product: Allahabad Surkha Guava,Unknown Region,,"Geographical Indications Registry, India",2025-05-23T04:15:24.012798,2025-05-23T04:15:24.012802
fdef52b3-4d6e-4214-bdc5-e102e1f5a0ab,0b0bd6c2-0344-4dfb-b2ef-41f33b7224de,Uttar Pradesh,Lucknow Chikan Craft,GI tagged product: Lucknow Chikan Craft,Unknown Region,,"Geographical Indications Registry, India",2025-05-23T04:15:24.012861,2025-05-23T04:15:24.012863
acce847f-16b6-408f-ad7a-382d5af4d930,fe60e89e-f565-4e8a-8d1d-dd34075949fa,Uttar Pradesh,Mango Malihabadi Dusseheri,GI tagged product: Mango Malihabadi Dusseheri,Unknown Region,,"Geographical Indications Registry, India",2025-05-23T04:15:24.012920,2025-05-23T04:15:24.012923
9b524227-332e-4048-aaba-59e9fe9eb858,face8e0d-7cee-424e-8beb-b17b70074118,Uttar Pradesh,Banaras Brocades and Sarees,GI tagged product: Banaras Brocades and Sarees,Unknown Region,,"Geographical Indications Registry, India",2025-05-23T04:15:24.012979,2025-05-23T04:15:24.012982
2b9eac67-3b64-4145-8677-690ae0931956,28c2ff42-d232-41ce-a7a9-6192a18c6374,Uttar Pradesh,Hand Made Carpet of Bhadohi,GI tagged product: Hand Made Carpet of Bhadohi,Unknown Region,,"Geographical Indications Registry, India",2025-05-23T04:15:24.013038,2025-05-23T04:15:24.013041
90d68009-45aa-4ada-b0e2-7d55a8fff805,2d573ba8-3bb6-4c88-9a94-99bf6defa88a,Uttar Pradesh,Agra Durrie,GI tagged product: Agra Durrie,Unknown Region,,"Geographical Indications Registry, India",2025-05-23T04:15:24.013097,2025-05-23T04:15:24.013100
c8e27111-4997-46e2-9667-91856a3a8846,1ce6aa33-a5dc-4aa8-b272-d189d183543d,Uttar Pradesh,Farrukhabad Prints,GI tagged product: Farrukhabad Prints,Unknown Region,,"Geographical Indications Registry, India",2025-05-23T04:15:24.013156,2025-05-23T04:15:24.013159
6f3f4ba1-1c00-43d8-8c69-0234f7b2c176,14026e0e-6437-4ff1-8fd3-6738731edd60,Uttar Pradesh,Lucknow Zardozi,GI tagged product: Lucknow Zardozi,Unknown Region,,"Geographical Indications Registry, India",2025-05-23T04:15:24.013215,2025-05-23T04:15:24.013217
2ba54875-6738-4e59-a597-b33b87889f2a,0fdd7923-7bfa-4f31-a337-47640c39a681,Uttar Pradesh,Kalanamak Rice,GI tagged product: Kalanamak Rice,Unknown Region,,"Geographical Indications Registry, India",2025-05-23T04:15:24.013273,2025-05-23T04:15:24.013276
e34c7e01-ba2e-4f29-960e-497e3811780f,70d8ae26-7809-4404-a50f-30aede6dcfab,Uttar Pradesh,Firozabad Glass,GI tagged product: Firozabad Glass,Unknown Region,,"Geographical Indications Registry, India",2025-05-23T04:15:24.013331,2025-05-23T04:15:24.013334
286a2fc7-244b-4f11-8a8a-231b3f43c8d3,d1c95c2e-9892-4f01-9bf0-1e11a65efc1b,Uttar Pradesh,Kannauj Perfume,GI tagged product: Kannauj Perfume,Unknown Region,,"Geographical Indications Registry, India",2025-05-23T04:15:24.013389,2025-05-23T04:15:24.013392
4dc5d471-6c44-47d8-af3c-a37157169ce3,cc5a7815-b9c4-482e-a671-737c28b03e74,Uttar Pradesh,Kanpur Saddlery,GI tagged product: Kanpur Saddlery,Unknown Region,,"Geographical Indications Registry, India",2025-05-23T04:15:24.013447,2025-05-23T04:15:24.013450
bdf97c39-fc4b-4538-b1d1-b2f4936ad547,12c106d0-6f90-43f0-b40d-cc9c08c7184c,Uttar Pradesh,Moradabad Metal Craft,GI tagged product: Moradabad Metal Craft,Unknown Region,,"Geographical Indications Registry, India",2025-05-23T04:15:24.013505,2025-05-23T04:15:24.013507
c3d82c0c-0a9f-4017-9a13-709c6656f199,c8e86866-a2ab-4f01-917c-43dffd9a6169,Uttar Pradesh,Saharanpur Wood Craft,GI tagged product: Saharanpur Wood Craft,Unknown Region,,"Geographical Indications Registry, India",2025-05-23T04:15:24.013563,2025-05-23T04:15:24.013565
6352466d-575e-460b-a9d4-e3351f425e10,947e2660-b589-483c-bbea-903838a92399,Uttar Pradesh,Meerut Scissors,GI tagged product: Meerut Scissors,Unknown Region,,"Geographical Indications Registry, India",2025-05-23T04:15:24.013631,2025-05-23T04:15:24.013633
94d14300-3e55-4ebd-8c22-0c4001d51c97,3d4b05b5-e598-44cc-a82f-341d70c46d4c,Uttar Pradesh,Banaras Gulabi Meenakari Craft,GI tagged product: Banaras Gulabi Meenakari Craft,Unknown Region,,"Geographical Indications Registry, India",2025-05-23T04:15:24.013686,2025-05-23T04:15:24.013688
8e6611e7-16e2-42fd-bd64-258a04933d18,26dc8b39-79a7-417b-bc90-6eaff06799b6,Uttar Pradesh,Khurja Pottery,GI tagged product: Khurja Pottery,Unknown Region,,"Geographical Indications Registry, India",2025-05-23T04:15:24.013751,2025-05-23T04:15:24.013754
65dbab61-b60a-4977-a5f8-0141942e7390,8a0a59a9-37aa-4e7d-a932-47c2cfff8149,Uttar Pradesh,Varanasi Wooden Lacquerware & Toys,GI tagged product: Varanasi Wooden Lacquerware & Toys,Unknown Region,,"Geographical Indications Registry, India",2025-05-23T04:15:24.013828,2025-05-23T04:15:24.013830
d6ed5c8f-9cf1-4627-b956-6869c91f47f8,7615f946-c3bf-468f-9dae-7f6fe61780ea,Uttar Pradesh,Mirzapur Handmade Dari,GI tagged product: Mirzapur Handmade Dari,Unknown Region,,"Geographical Indications Registry, India",2025-05-23T04:15:24.013886,2025-05-23T04:15:24.013889
0102d4a3-8fc1-4d4d-acbf-ccff29b229c0,48acc40e-abfd-4f80-a67e-62dc78fb6cd6,Uttar Pradesh,Nizamabad Black Pottery,GI tagged product: Nizamabad Black Pottery,Unknown Region,,"Geographical Indications Registry, India",2025-05-23T04:15:24.013943,2025-05-23T04:15:24.013946
bba2d1da-460a-4d7b-9526-8f1a1fd3c508,b1acc712-a318-4d06-982d-029a2c6a3d6b,Uttar Pradesh,Basmati,GI tagged product: Basmati,Unknown Region,,"Geographical Indications Registry, India",2025-05-23T04:15:24.014001,2025-05-23T04:15:24.014004
35d6a35e-9ba3-41a6-b41e-33a28193dbea,270eec6e-8270-4913-818a-319fea079be3,Uttar Pradesh,Banaras Metal Repouse Craft,GI tagged product: Banaras Metal Repouse Craft,Unknown Region,,"Geographical Indications Registry, India",2025-05-23T04:15:24.014059,2025-05-23T04:15:24.014061
b9cc18b1-8211-414f-b3f1-146b6e7da59f,3c69eb14-45a3-43bc-92c3-cfafc213d883,Uttar Pradesh,Varanasi Glass Beads,GI tagged product: Varanasi Glass Beads,Unknown Region,,"Geographical Indications Registry, India",2025-05-23T04:15:24.014118,2025-05-23T04:15:24.014121
1d808679-eecf-4686-a676-cdc232b6b2d5,ec6348d4-defa-444a-ab38-b58815f51b1a,Uttar Pradesh,Ghazipur Wall-hanging,GI tagged product: Ghazipur Wall-hanging,Unknown Region,,"Geographical Indications Registry, India",2025-05-23T04:15:24.014176,2025-05-23T04:15:24.014179
7f6ef9f6-e071-4737-b4cd-3671d1c6fa0d,2ba24ba0-b556-4347-87fb-8625071d2d6f,Uttar Pradesh,Varanasi Soft Stone Jali Work,GI tagged product: Varanasi Soft Stone Jali Work,Unknown Region,,"Geographical Indications Registry, India",2025-05-23T04:15:24.014234,2025-05-23T04:15:24.014236
0282cfc2-8988-4059-9d55-5ed124bc7a92,3c0f1f31-29dd-462b-8ea3-9aed23dc6df8,Uttar Pradesh,Chunar Balua Patthar,GI tagged product: Chunar Balua Patthar,Unknown Region,,"Geographical Indications Registry, India",2025-05-23T04:15:24.014291,2025-05-23T04:15:24.014294
39124e51-f66a-49b7-bf92-b52edd9ac6ce,85d9bca4-5032-4a5b-8b83-2f644f48a2af,Uttar Pradesh,Gorakhpur Terracotta,GI tagged product: Gorakhpur Terracotta,Unknown Region,,"Geographical Indications Registry, India",2025-05-23T04:15:24.014349,2025-05-23T04:15:24.014352
eefef5ce-1535-4ceb-a3af-143faf30ef0b,7692f881-8b4a-480c-834e-bf2e5e7bcca2,Uttar Pradesh,Chunar Glaze Pottery,GI tagged product: Chunar Glaze Pottery,Unknown Region,,"Geographical Indications Registry, India",2025-05-23T04:15:24.014407,2025-05-23T04:15:24.014409
8df0bdf6-e722-4f61-a6e2-9f35c21f2caa,7b6754ed-6686-44a9-ba03-0d18c033f17d,Uttar Pradesh,Banaras Zardozi,GI tagged product: Banaras Zardozi,Unknown Region,,"Geographical Indications Registry, India",2025-05-23T04:15:24.014464,2025-05-23T04:15:24.014466
89bc3195-aace-4aba-bb2b-1877346ebf0d,b0034c35-6c05-44b8-a525-ca8081adba9b,Uttar Pradesh,Mirzapur Pital Bartan,GI tagged product: Mirzapur Pital Bartan,Unknown Region,,"Geographical Indications Registry, India",2025-05-23T04:15:24.014522,2025-05-23T04:15:24.014524
535702b4-675c-43ed-bc2b-86ece2656dbc,359e7732-755b-434c-a9f8-8a739132f114,Uttar Pradesh,Banaras Wood Carving,GI tagged product: Banaras Wood Carving,Unknown Region,,"Geographical Indications Registry, India",2025-05-23T04:15:24.014579,2025-05-23T04:15:24.014581
ddbe7d26-6f1e-4b06-8a68-d77e92d70a04,35d2ce11-1643-43ad-9784-17c270fc968a,Uttar Pradesh,Banaras Hand Block Print,GI tagged product: Banaras Hand Block Print,Unknown Region,,"Geographical Indications Registry, India",2025-05-23T04:15:24.014637,2025-05-23T04:15:24.014640
d6b04208-e2af-4f02-bd47-e08224b0d9b0,8dc49f97-e175-49ed-a951-91515834de3f,Uttar Pradesh,Rataul Mango,GI tagged product: Rataul Mango,Unknown Region,,"Geographical Indications Registry, India",2025-05-23T04:15:24.014695,2025-05-23T04:15:24.014698
4374e0b5-b9c4-4419-b6e2-0591cc3a00b9,d01de884-1110-40ba-8bd3-5152bb8f5f55,Uttar Pradesh,Mau Saree,GI tagged product: Mau Saree,Unknown Region,,"Geographical Indications Registry, India",2025-05-23T04:15:24.014763,2025-05-23T04:15:24.014766
639c56ee-7a2e-4b53-bfd7-90c111315a3f,e0d50c58-7e47-45c0-a53d-0638ef2c0cc3,Uttar Pradesh,Mahoba Desawari Pan,GI tagged product: Mahoba Desawari Pan,Unknown Region,,"Geographical Indications Registry, India",2025-05-23T04:15:24.014823,2025-05-23T04:15:24.014826
6234fafd-f0d6-4fed-9fca-7639e1765598,5752ed07-685b-40e1-beaf-0a1226eb55dd,Uttar Pradesh,Adamchini Chawal,GI tagged product: Adamchini Chawal,Unknown Region,,"Geographical Indications Registry, India",2025-05-23T04:15:24.014895,2025-05-23T04:15:24.014898
43206131-a445-4273-b6ae-2957a3df8b56,a31b7dc3-f410-479c-a7fd-1f7d21aa3ed2,Uttar Pradesh,Aligarh Tala,GI tagged product: Aligarh Tala,Unknown Region,,"Geographical Indications Registry, India",2025-05-23T04:15:24.014954,2025-05-23T04:15:24.014957
62a09175-e1f5-4716-a182-14631d25406c,756da824-d9ac-42c1-8b64-f2e5514df6fd,Uttar Pradesh,Bakhira Brassware,GI tagged product: Bakhira Brassware,Unknown Region,,"Geographical Indications Registry, India",2025-05-23T04:15:24.015012,2025-05-23T04:15:24.015015
d97bdd8f-f7d6-4277-897a-242257643f00,7418870f-ef57-467d-a815-f6c927c862d6,Uttar Pradesh,Banda Shazar Patthar Craft,GI tagged product: Banda Shazar Patthar Craft,Unknown Region,,"Geographical Indications Registry, India",2025-05-23T04:15:24.015070,2025-05-23T04:15:24.015073
ac96c87e-8d98-498d-aded-b9f5d5d939ec,ea02b550-9c78-467a-9e2c-6d78e994a55c,Uttar Pradesh,Nagina Wood Craft,GI tagged product: Nagina Wood Craft,Unknown Region,,"Geographical Indications Registry, India",2025-05-23T04:15:24.015127,2025-05-23T04:15:24.015130
2eebe334-d45c-4ba0-94bd-d66f2a4f9cf2,1b01bb98-aa27-47a8-8139-c58c1f103359,Uttar Pradesh,Pratapgarh Aonla,GI tagged product: Pratapgarh Aonla,Unknown Region,,"Geographical Indications Registry, India",2025-05-23T04:15:24.015186,2025-05-23T04:15:24.015188
c4fa03e2-82b4-416d-8383-227f09164ddc,bcae2cfa-937e-47f9-9e82-1aa6e36f177a,Uttar Pradesh,Hathras Hing,GI tagged product: Hathras Hing,Unknown Region,,"Geographical Indications Registry, India",2025-05-23T04:15:24.015244,2025-05-23T04:15:24.015247
48bb691b-afe1-4eb2-8970-1b50af7c0b05,2ed1674a-8018-4b10-aba1-8b0d0838901b,Uttar Pradesh,Banaras Langda Aam (Mango),GI tagged product: Banaras Langda Aam (Mango),Unknown Region,,"Geographical Indications Registry, India",2025-05-23T04:15:24.015302,2025-05-23T04:15:24.015304
e12d831e-c5be-4e09-a607-48fa6eb16736,935a476e-33b0-422f-a07c-bfc735a4edc5,Uttar Pradesh,Ramnagar Bhanta (Brinjal),GI tagged product: Ramnagar Bhanta (Brinjal),Unknown Region,,"Geographical Indications Registry, India",2025-05-23T04:15:24.015359,2025-05-23T04:15:24.015362
3d94a329-d975-42eb-82cd-02334e4070ec,15082fd9-ac39-4e5b-8fa1-74c36d857f80,Uttar Pradesh,Muzaffarnagar Gur (Jaggery),GI tagged product: Muzaffarnagar Gur (Jaggery),Unknown Region,,"Geographical Indications Registry, India",2025-05-23T04:15:24.015417,2025-05-23T04:15:24.015420
cbd7f9a4-7907-459a-b104-055f22738948,a36fab05-1a79-46c1-abca-f302d5b70b0e,Uttar Pradesh,Banaras Pan (Betel Leaf),GI tagged product: Banaras Pan (Betel Leaf),Unknown Region,,"Geographical Indications Registry, India",2025-05-23T04:15:24.015474,2025-05-23T04:15:24.015477
973f2aa3-54f9-4069-a614-0b79e73c5d88,962255f1-a1f5-4e5f-b7a4-ee35fdef2b18,Uttar Pradesh,Mahoba Gaura Patthar Hastashilp,GI tagged product: Mahoba Gaura Patthar Hastashilp,Unknown Region,,"Geographical Indications Registry, India",2025-05-23T04:15:24.015532,2025-05-23T04:15:24.015535
41d88b7d-084c-4e01-8227-c2c435974dc0,8fdf0db0-c5c5-4afb-9a8a-286d799b2297,Uttar Pradesh,Mainpuri Tarkashi,GI tagged product: Mainpuri Tarkashi,Unknown Region,,"Geographical Indications Registry, India",2025-05-23T04:15:24.015599,2025-05-23T04:15:24.015602
88cb73dd-65d2-445d-8b3e-50d0b71e62c6,f1a36985-f323-4100-88ff-916feed27e77,Uttar Pradesh,Sambhal Horn Craft,GI tagged product: Sambhal Horn Craft,Unknown Region,,"Geographical Indications Registry, India",2025-05-23T04:15:24.015659,2025-05-23T04:15:24.015662
bd6d6e35-6829-4519-b2b4-e250cdbdf839,8439f65f-721c-4f26-9c3c-7c93082fd0fb,Uttar Pradesh,Amroha Dholak,GI tagged product: Amroha Dholak,Unknown Region,,"Geographical Indications Registry, India",2025-05-23T04:15:24.015717,2025-05-23T04:15:24.015720
6dc02afa-741c-447c-b47c-361d686f98ca,18f818be-9797-45db-92f4-57130083ab05,Uttar Pradesh,Baghpat Home Furnishings,GI tagged product: Baghpat Home Furnishings,Unknown Region,,"Geographical Indications Registry, India",2025-05-23T04:15:24.015791,2025-05-23T04:15:24.015794
b084a000-70ac-4fd8-8093-5ae5e5a9452f,a2bd3f56-8b08-4ec7-bcc6-4e52fbdcd386,Uttar Pradesh,Barabanki Handloom Product,GI tagged product: Barabanki Handloom Product,Unknown Region,,"Geographical Indications Registry, India",2025-05-23T04:15:24.015850,2025-05-23T04:15:24.015853
25d3b338-906e-42a5-b61a-6f07ecc74586,6a952747-af3b-405e-b928-04c8875b8c51,Uttar Pradesh,Kalpi Handmade Paper,GI tagged product: Kalpi Handmade Paper,Unknown Region,,"Geographical Indications Registry, India",2025-05-23T04:15:24.015909,2025-05-23T04:15:24.015911
6a8924bd-46de-4397-b562-25073d9ff1a1,d8914364-ac24-4298-a848-ae020dbb29ad,Uttar Pradesh,Agra Leather Footwear,GI tagged product: Agra Leather Footwear,Unknown Region,,"Geographical Indications Registry, India",2025-05-23T04:15:24.015967,2025-05-23T04:15:24.015969
cf7f2477-25bb-45de-9be4-6d995d6933e1,b509595e-19b5-42e9-92fd-bd2b1f3c3475,Uttar Pradesh,Jalesar Dhatu Shilp (Metal Craft),GI tagged product: Jalesar Dhatu Shilp (Metal Craft),Unknown Region,,"Geographical Indications Registry, India",2025-05-23T04:15:24.016024,2025-05-23T04:15:24.016026
bcd516c7-726f-40e2-b05f-dbb1c422bd60,cf38e062-64ef-4f15-b91a-686f14a52e1f,Uttar Pradesh,Patchwork of Rampur,GI tagged product: Patchwork of Rampur,Unknown Region,,"Geographical Indications Registry, India",2025-05-23T04:15:24.016081,2025-05-23T04:15:24.016084
d553bda3-b617-4467-81eb-7d25d651fd44,aff0c66a-da2c-4095-8950-e616b6497370,Uttar Pradesh,Mathura Sanjhi Craft,GI tagged product: Mathura Sanjhi Craft,Unknown Region,,"Geographical Indications Registry, India",2025-05-23T04:15:24.016139,2025-05-23T04:15:24.016141
4bc94051-8c05-419f-b537-34587913756c,c982eca0-3db4-42c0-a2fa-62e45f788795,Uttar Pradesh,Bundelkhand Kathiya Gehu (Wheat),GI tagged product: Bundelkhand Kathiya Gehu (Wheat),Unknown Region,,"Geographical Indications Registry, India",2025-05-23T04:15:24.016196,2025-05-23T04:15:24.016198
f82e31ce-4843-4655-a175-d9e65cbb0a74,b52f851a-9450-45ed-8f42-6fd0764f92ae,Uttar Pradesh,Banaras Tabla,GI tagged product: Banaras Tabla,Unknown Region,,"Geographical Indications Registry, India",2025-05-23T04:15:24.016253,2025-05-23T04:15:24.016255
99d0348d-2d30-4a92-b76f-9bc7e4a3384a,2a7115f8-7476-4ecf-8073-b28bd317fd57,Uttar Pradesh,Banaras Lal Bharwamirch,GI tagged product: Banaras Lal Bharwamirch,Unknown Region,,"Geographical Indications Registry, India",2025-05-23T04:15:24.016311,2025-05-23T04:15:24.016313
cd756fb1-3ea2-400e-80c7-a1bedd57d5e1,32a06be5-8f06-492f-9983-40603e3582fa,Uttar Pradesh,Pilibhit Bansuri,GI tagged product: Pilibhit Bansuri,Unknown Region,,"Geographical Indications Registry, India",2025-05-23T04:15:24.016369,2025-05-23T04:15:24.016372
c8fca58c-ffab-4328-8924-a06beea792f2,03c8c7f8-edfc-449f-bafa-f6c412340a58,Uttar Pradesh,Chiraigaon Karonda of Varanasi,GI tagged product: Chiraigaon Karonda of Varanasi,Unknown Region,,"Geographical Indications Registry, India",2025-05-23T04:15:24.016427,2025-05-23T04:15:24.016430
918205d8-be8f-4246-90d2-68df68f2e79a,0bb641a6-419f-450c-b98d-91d893ea5e0e,Uttar Pradesh,Banaras Lal Peda,GI tagged product: Banaras Lal Peda,Unknown Region,,"Geographical Indications Registry, India",2025-05-23T04:15:24.016485,2025-05-23T04:15:24.016488
da321b6a-f36b-4c39-b3bc-33155893312d,fb123e21-6006-425d-ae41-0b13d4519e22,Uttar Pradesh,Banaras Shehnai,GI tagged product: Banaras Shehnai,Unknown Region,,"Geographical Indications Registry, India",2025-05-23T04:15:24.016543,2025-05-23T04:15:24.016546
0885bc76-b473-486e-b08b-1c0d6949a76e,8a336511-1210-4652-a764-b5c39b4ca165,Uttar Pradesh,Varanasi Sankheda Furniture,GI tagged product: Varanasi Sankheda Furniture,Unknown Region,,"Geographical Indications Registry, India",2025-05-23T04:15:24.016601,2025-05-23T04:15:24.016603
eec25315-01a9-4d9f-9ab9-efbf14b8c8fd,582dcf29-636b-4a76-a227-02c4a0854928,Uttar Pradesh,Varanasi Tent City Handicraft Products,GI tagged product: Varanasi Tent City Handicraft Products,Unknown Region,,"Geographical Indications Registry, India",2025-05-23T04:15:24.016659,2025-05-23T04:15:24.016662
8701fcf4-aa11-4e17-a37f-39a7a5d1932e,e64bb000-ea02-4cc3-ae2d-9b084def68ac,Maharashtra,Paithani Sarees and Fabrics,GI tagged product: Paithani Sarees and Fabrics,Unknown Region,,"Geographical Indications Registry, India",2025-05-23T04:15:24.016717,2025-05-23T04:15:24.016719
ab1dcf95-d62b-42fe-9c84-39af491e72b8,7f898ab6-7b90-4617-a0f7-7f93f36e48dd,Maharashtra,Solapur Chaddar,GI tagged product: Solapur Chaddar,Unknown Region,,"Geographical Indications Registry, India",2025-05-23T04:15:24.016794,2025-05-23T04:15:24.016797
59c51cd2-d58c-4917-b29d-c5f6d7fd9e20,048b5bac-5a25-448b-aab2-abd108108cef,Maharashtra,Solapur Terry Towel,GI tagged product: Solapur Terry Towel,Unknown Region,,"Geographical Indications Registry, India",2025-05-23T04:15:24.016855,2025-05-23T04:15:24.016858
7824a0e2-8636-4847-9def-20bb23b695da,b50682d8-0264-48f8-8e86-b3b2d9783d6e,Maharashtra,Warli Painting,GI tagged product: Warli Painting,Unknown Region,,"Geographical Indications Registry, India",2025-05-23T04:15:24.016914,2025-05-23T04:15:24.016917
00a3df42-6d1c-4ab1-bb2b-b588f4f30176,be86f64e-c73b-40a6-bf53-fcd127ab37de,Maharashtra,Nashik Valley Wine,GI tagged product: Nashik Valley Wine,Unknown Region,,"Geographical Indications Registry, India",2025-05-23T04:15:24.016973,2025-05-23T04:15:24.016975
cd14012b-94c4-49bb-bc91-d5f438930b22,62e4a813-7198-4c64-b5ec-3d72adf1c81a,Maharashtra,Nashik Grapes,GI tagged product: Nashik Grapes,Unknown Region,,"Geographical Indications Registry, India",2025-05-23T04:15:24.017041,2025-05-23T04:15:24.017043
6cc24566-6884-458f-8b33-b029e594db10,fc0b1abf-bc33-4a7b-a1d4-2c1d14713a66,Maharashtra,Jalgaon Banana,GI tagged product: Jalgaon Banana,Unknown Region,,"Geographical Indications Registry, India",2025-05-23T04:15:24.017097,2025-05-23T04:15:24.017099
4d321b2b-de0c-469e-bc4b-375b43dd8a7a,0b80ea0f-e240-4064-89c6-9498fce87d42,Maharashtra,Deccan Plateau Fruits,GI tagged product: Deccan Plateau Fruits,Unknown Region,,"Geographical Indications Registry, India",2025-05-23T04:15:24.017152,2025-05-23T04:15:24.017155
b5773137-7786-439d-aecc-af3d1843ea58,08a04955-b2eb-480b-8870-448fca5a30d1,Maharashtra,"Alphonso Mango (Ratnagiri, Sindhudurg)","GI tagged product: Alphonso Mango (Ratnagiri, Sindhudurg)",Unknown Region,,"Geographical Indications Registry, India",2025-05-23T04:15:24.017208,2025-05-23T04:15:24.017210
318901ce-4fd1-4404-a855-a79ac100ba27,93944882-7c94-4baf-ab32-29690defa49a,Maharashtra,Ambemohar Rice,GI tagged product: Ambemohar Rice,Unknown Region,,"Geographical Indications Registry, India",2025-05-23T04:15:24.017263,2025-05-23T04:15:24.017266
281ee9f4-106d-4804-a156-5712118cbbdb,2ce2e5a5-e988-4bbe-994c-7e90df7aaed6,Maharashtra,Kolhapuri Chappal,GI tagged product: Kolhapuri Chappal,Unknown Region,,"Geographical Indications Registry, India",2025-05-23T04:15:24.017319,2025-05-23T04:15:24.017322
47a21e1e-5ad2-45c7-9242-1c100e963569,f2ec39fa-5216-45dd-a94e-aec31508d0de,Maharashtra,Kolhapur Jaggery,GI tagged product: Kolhapur Jaggery,Unknown Region,,"Geographical Indications Registry, India",2025-05-23T04:15:24.017375,2025-05-23T04:15:24.017377
3e4f059c-0700-4e3b-afcb-7e71612711ed,0bdcd730-ceed-4708-a054-e7509d08d52b,Maharashtra,Kolhapuri Turmeric,GI tagged product: Kolhapuri Turmeric,Unknown Region,,"Geographical Indications Registry, India",2025-05-23T04:15:24.017431,2025-05-23T04:15:24.017434
2097be9c-513e-405b-88f9-96283be61c8b,7047b465-e252-486b-884e-4cea7da0153a,Maharashtra,Sangli Raisins,GI tagged product: Sangli Raisins,Unknown Region,,"Geographical Indications Registry, India",2025-05-23T04:15:24.017487,2025-05-23T04:15:24.017489
17861f47-ce77-4c2e-93f3-701af7452921,5f68fbad-278d-417f-80e3-9227a6b2f85b,Maharashtra,Ajara Ghansal Rice,GI tagged product: Ajara Ghansal Rice,Unknown Region,,"Geographical Indications Registry, India",2025-05-23T04:15:24.017544,2025-05-23T04:15:24.017546
053d6db0-a139-4d4b-9121-744956b8eb3b,52ddc27a-18f8-4958-b76e-a66a430713eb,Maharashtra,Mangalwedha Jowar,GI tagged product: Mangalwedha Jowar,Unknown Region,,"Geographical Indications Registry, India",2025-05-23T04:15:24.017616,2025-05-23T04:15:24.017619
65d7886b-59c6-447f-83ec-380c936f7f63,7cddadbf-b01b-4d54-ac6a-8b050ecaebbf,Maharashtra,Karvandi (from Sindhudurg),GI tagged product: Karvandi (from Sindhudurg),Unknown Region,,"Geographical Indications Registry, India",2025-05-23T04:15:24.017674,2025-05-23T04:15:24.017677
da679cf2-c0ad-4159-88db-6ed32b73665f,51a01984-2b00-4ab3-b2f2-84fa7709b2c7,Maharashtra,Beed Custard Apple,GI tagged product: Beed Custard Apple,Unknown Region,,"Geographical Indications Registry, India",2025-05-23T04:15:24.017742,2025-05-23T04:15:24.017745
16221d55-fd25-4325-b9ba-15d2965bf6fb,c7add18d-27b5-4ed7-b772-d0db18dfd0d7,Maharashtra,Waghya Murha (Solapur Furniture),GI tagged product: Waghya Murha (Solapur Furniture),Unknown Region,,"Geographical Indications Registry, India",2025-05-23T04:15:24.017803,2025-05-23T04:15:24.017806
764a64ed-654a-4910-916d-817d05e1ff76,21f39bd9-0c4c-4e0b-a644-908c968de2f0,Maharashtra,Palghar Chickoo,GI tagged product: Palghar Chickoo,Unknown Region,,"Geographical Indications Registry, India",2025-05-23T04:15:24.017862,2025-05-23T04:15:24.017864
7f20d5ff-7772-409e-8636-99aebf0c8945,18a4b09c-53f5-470f-9ec3-dde5a21df40f,Maharashtra,Jalgaon Teak Wood,GI tagged product: Jalgaon Teak Wood,Unknown Region,,"Geographical Indications Registry, India",2025-05-23T04:15:24.017925,2025-05-23T04:15:24.017928
f8c901b2-8469-404d-ae17-072a18bad93c,1e712e13-201b-4486-90b8-d15af489e964,Maharashtra,Chandrapur Turmeric,GI tagged product: Chandrapur Turmeric,Unknown Region,,"Geographical Indications Registry, India",2025-05-23T04:15:24.017985,2025-05-23T04:15:24.017988
443a0c37-8f77-4747-8b20-47cc1051d00e,6a9cdb15-d346-44ee-8b9f-a03d29e4a710,Maharashtra,Konkan Kokum,GI tagged product: Konkan Kokum,Unknown Region,,"Geographical Indications Registry, India",2025-05-23T04:15:24.018042,2025-05-23T04:15:24.018045
c46f8823-3954-43a8-a398-41a5c241ae55,2fc4ace3-5e17-4c20-927f-248197d7cc0a,Maharashtra,Solapur Pomegranate,GI tagged product: Solapur Pomegranate,Unknown Region,,"Geographical Indications Registry, India",2025-05-23T04:15:24.018100,2025-05-23T04:15:24.018102
05449b2c-0dcd-49b6-a920-bb9685c3effd,1d4b1517-23cc-47ed-8157-8bc3b35f8f29,Maharashtra,Khandeshi Cotton Saree,GI tagged product: Khandeshi Cotton Saree,Unknown Region,,"Geographical Indications Registry, India",2025-05-23T04:15:24.018157,2025-05-23T04:15:24.018160
4a78c006-e72e-43a1-b2ae-f3c39488bf70,821bf331-aec8-4052-bab4-e5e47d5e434f,Maharashtra,Gholvad Chickoo,GI tagged product: Gholvad Chickoo,Unknown Region,,"Geographical Indications Registry, India",2025-05-23T04:15:24.018214,2025-05-23T04:15:24.018217
6fe9eb4a-9a07-4ca4-b698-0a5428cc353f,afdfcc02-f29c-4a8c-9158-8207be9aded6,Maharashtra,Sindhudurg Cashew,GI tagged product: Sindhudurg Cashew,Unknown Region,,"Geographical Indications Registry, India",2025-05-23T04:15:24.018272,2025-05-23T04:15:24.018274
a12fa9ea-e7f2-4380-8dd0-d8ccb566ee5a,c3ba5662-d59b-418c-9751-eafe13356637,Maharashtra,Nashik Turmeric,GI tagged product: Nashik Turmeric,Unknown Region,,"Geographical Indications Registry, India",2025-05-23T04:15:24.018329,2025-05-23T04:15:24.018332
c3700f12-6e32-4059-bfdc-b1eeb5fab268,8b6523a5-acb1-43b2-a683-acd0e7a05929,Maharashtra,Pune Mango (Kesari),GI tagged product: Pune Mango (Kesari),Unknown Region,,"Geographical Indications Registry, India",2025-05-23T04:15:24.018387,2025-05-23T04:15:24.018390
d1066885-fa15-4b0d-800e-1214f862a786,436db5b0-25da-41ed-823b-5e21f99e403c,Maharashtra,Lasalgaon Onion,GI tagged product: Lasalgaon Onion,Unknown Region,,"Geographical Indications Registry, India",2025-05-23T04:15:24.018445,2025-05-23T04:15:24.018447
390e0969-0137-4488-b5bf-ad34142dc5b5,5f6d80b4-9668-4223-83ac-ba5026226340,Maharashtra,Bhudki (a local brinjal variety),GI tagged product: Bhudki (a local brinjal variety),Unknown Region,,"Geographical Indications Registry, India",2025-05-23T04:15:24.018502,2025-05-23T04:15:24.018505
